,RSS,_kAktDephos,_kAktPhos_kcat,_kAktPhos_km,_kFourEBP1Phos_kcat,_kFourEBP1Phos_km,_kIRS1Dephos_kcat,_kIRS1Dephos_km,_kIRS1Phos_kcat,_kIRS1Phos_km,_kPI3KDephos,_kPI3KPhos_kcat,_kPI3KPhos_km,_kPras40PhosByAkt_kcat,_kPras40PhosByAkt_km,_kS6KPhosS229_kcat,_kS6KPhosS229_km,_kS6KT389Dephos,_kS6KT389Phos_kcat,_kS6KT389Phos_km,_kTSC2Dephos,_kTSC2Phos_kcat,_kTSC2Phos_km,_pPI3K
0,1.60249,3212.74,500.842,0.026858,21.2436,116.59899999999999,1413.31,236.893,33.4568,22.1229,0.00402247,359.095,9743.1,18.5921,87.6699,0.498669,9.1837,0.127526,208.21,6461.97,13.683,169.545,55.6452,1.49453
1,1.62689,9779.19,1494.88,0.0090542,191.606,1096.96,3028.33,80.07300000000001,9891.93,1251.47,0.00168787,31.1187,746.2669999999999,647.436,3221.96,217.395,5774.95,0.148866,373.723,9982.14,7524.0,9999.49,1.5870799999999998,1.06029
2,1.65356,371.18800000000005,565.443,43.8162,502.532,2888.34,17.2767,173.894,1.04193,44.173,0.00010955299999999999,0.0399423,0.000100059,963.4910000000001,4801.13,0.14280199999999998,0.000221702,16.5617,710.883,172.358,3.3886800000000004,120.706,169.239,3.13787
3,1.66088,104.935,2458.94,740.47,422.61800000000005,2426.18,36.5618,188.313,6.37739,149.661,0.00012858799999999998,354.75699999999995,9874.38,1688.95,8413.1,74.6031,1977.63,9813.26,9555.94,0.187998,5.07849,185.53599999999997,173.74599999999998,1.12923
4,1.66567,1.58922,67.1702,1340.26,1219.03,7011.27,9.14255,47.6219,200.486,4959.25,0.00010033600000000001,11.9604,328.444,549.14,2730.94,91.9353,2443.26,314.436,291.506,0.000910089,94.735,2231.15,110.146,1.4680000000000002
5,1.67075,3011.12,466.746,0.11773099999999999,1316.01,7576.36,0.9811690000000001,7.4867,3.23208,122.666,0.000312192,0.0353326,0.000120721,5.685,23.3288,15.5998,414.29,215.53900000000002,222.06599999999997,0.438668,3.8839900000000003,19.6126,19.7745,3.48494
6,1.67287,10.1204,498.17900000000003,1561.97,376.755,2161.98,146.727,1282.6,39.4011,1594.71,0.000159201,26.4672,707.655,302.445,1502.66,74.4554,1978.13,2342.07,9788.46,13.3844,11.1445,847.945,367.288,1.0147700000000002
7,1.67403,1945.01,297.539,0.0024908,1732.39,9971.37,4.06682,11.7758,304.888,4430.34,0.00158015,36.8539,942.9860000000001,915.424,4552.18,195.929,5180.42,129.66,155.083,1.10711,19.4025,1858.88,463.57599999999996,1.09148
8,1.6744400000000002,1.4574200000000002,128.264,2798.23,1171.43,6738.88,10.0578,63.7274,50.6519,1510.09,0.000162415,0.0349791,0.00130469,1168.69,5839.13,359.56199999999995,9617.22,9108.23,8873.76,0.192574,1.07514,17.1725,73.2347,3.47375
9,1.67452,1594.87,1091.96,16.9691,1.2706899999999999,1.62175,44.4698,262.525,19.3654,530.4540000000001,0.000177663,11.5617,325.915,728.1139999999999,3622.58,196.87099999999998,5231.82,407.8,378.315,0.00134352,9.29469,58.7514,25.9541,1.51579
10,1.68285,214.62599999999998,311.476,41.343,147.868,845.185,1187.03,703.925,2340.01,6591.31,0.000108592,0.563664,12.5567,138.55200000000002,685.4069999999999,158.806,4218.29,873.5980000000001,1875.79,5.01075,5.78777,837.575,702.547,0.837118
11,1.68425,9.93205,458.731,1441.69,1739.53,9997.34,74.3749,96.2239,247.774,1522.83,0.0031596,118.865,2945.85,1931.77,9609.29,234.482,6146.62,180.03400000000002,598.7080000000001,9.888589999999999,10.2517,89.5281,37.7625,0.021095
12,1.69006,274.05400000000003,2504.45,285.055,139.874,799.7139999999999,225.805,941.5369999999999,13.2775,255.37,0.189253,0.24366100000000002,0.000115948,415.52099999999996,2066.46,19.6103,516.763,6.652310000000001,113.89399999999999,66.7321,2.46426,13.864,22.5406,0.000191129
13,1.6915799999999999,28.3313,115.135,124.48299999999999,63.521,359.439,1.53758,9.772269999999999,0.23758800000000002,2.9793,0.185351,0.23983800000000002,0.000100485,1594.07,7936.42,1.43293,34.1448,5.4045,5.5264,0.386235,4.09373,20.3705,19.3939,0.000167624
14,1.7014200000000002,134.672,90.8213,178.709,151.424,864.922,527.244,4465.1,7.0246,271.863,0.09681820000000001,0.9028219999999999,7.08978,126.774,626.919,26.6224,6051.21,1387.51,1288.45,0.000134328,0.5992569999999999,4.87864,34.7609,18.9828
15,1.70304,5539.29,1755.89,5.22754,1129.47,6490.36,236.135,110.62,1177.44,2628.16,0.000836963,117.572,2805.96,912.578,4539.57,175.18599999999998,4646.95,89.814,9792.38,445.585,7.33767,386.569,252.625,0.11704500000000001
16,1.76141,0.10375799999999999,77.1243,166.14700000000002,462.405,2663.3,1561.73,110.60799999999999,6808.55,2326.16,1065.33,11.1244,0.703943,10.6276,48.053999999999995,19.1897,0.0001,0.124171,313.79900000000004,9962.49,4450.51,5438.37,1.06731,0.00876698
17,1.7662400000000003,0.11208900000000001,4.6025599999999995,79.99,1064.46,6131.25,474.986,42.5809,78.2078,29.6154,3104.82,7061.32,147.007,216.225,1075.39,2.1452,0.000554468,0.12625999999999998,2.51257,74.763,3.0708599999999997,3.1532299999999998,0.110374,0.198472
18,1.79647,0.129745,0.0106345,3639.49,102.75200000000001,586.445,0.6960609999999999,3.9148699999999996,38.5613,1220.77,0.000244594,0.274834,22.4373,1.01199,0.00127667,0.000100006,0.0001,14.9378,9994.68,2748.89,0.783504,71.312,439.67900000000003,8402.56
19,1.82605,0.115552,5.24886,309.414,1660.1,9539.03,31.4866,5.03107,144.556,123.325,252.828,4542.13,296.474,1037.79,5178.2,92.5113,548.761,0.234129,575.672,9920.21,0.9456979999999999,73.4709,375.163,0.0936686
20,1.82961,0.106777,52.7717,624.482,10.7833,56.4548,3647.2,96.2839,9990.37,1259.35,8174.65,422.546,0.000100017,312.406,1557.72,9069.03,9999.96,0.268009,0.320891,1.0525799999999998,67.4114,67.6983,0.000875852,0.5447960000000001
21,1.83047,0.101236,621.182,42.6349,1147.37,6608.15,1941.97,1017.21,1794.37,4475.54,2398.71,374.781,2969.36,1493.06,7453.38,570.9,0.000137644,50.0663,46.5318,0.0001,438.809,5331.7,54.5953,0.00010683700000000001
22,1.83749,0.116526,142.441,3.7800599999999998,600.273,3452.77,11.4415,51.1046,4.1005400000000005,82.9718,3843.57,698.1489999999999,3803.5,103.556,512.276,627.988,0.00029194299999999997,598.211,2012.81,10.0324,1.08915,62.4579,275.45099999999996,0.000634437
23,1.8375299999999999,0.11296700000000001,1439.39,9999.72,1668.22,9608.09,47.5152,9.19972,36.7656,32.1417,1512.12,2715.01,324.781,1974.75,9859.56,562.5980000000001,377.49300000000005,0.24614,324.342,5351.15,0.6105729999999999,31.1808,244.18900000000002,0.00369638
24,1.83854,0.11704200000000001,28.1232,3711.45,259.06,1485.99,1.1311200000000001,5.49069,187.235,4887.13,78.601,9991.45,622.506,268.244,1335.95,14.9019,194.90900000000002,99.9991,6972.9,283.35900000000004,1.23594,175.525,689.752,0.000323327
25,1.83874,0.11514200000000001,1423.8,18.6887,1.16609,1.0156399999999999,3.15541,6.36131,2.61387,23.5051,1308.91,150.717,8958.49,3.2231400000000003,11.0653,2331.18,0.000210687,52.6982,51.5865,0.21531799999999998,0.9100440000000001,730.048,3912.97,0.000115839
26,1.84243,0.10879000000000001,342.087,9999.91,312.441,1794.45,15.7036,29.8566,3.97382,32.0249,38.1449,181.262,193.05700000000002,1950.98,9750.62,222.859,609.887,0.36159,297.035,3348.19,1.70115,18.9006,49.5374,0.00768568
27,1.8508099999999998,0.10695299999999999,100.24,1285.56,624.873,3594.31,105.40799999999999,500.874,12.1784,267.577,201.11599999999999,2042.6,1036.94,307.66700000000003,1531.83,209.646,245.718,2977.08,2917.47,0.21865300000000001,1.56641,60.4912,183.981,0.00180905
28,1.8514700000000002,0.11303800000000001,124.79899999999999,1910.11,546.502,3144.39,11.4828,5.22089,2.57897,1.8154099999999997,117.154,549.5840000000001,372.996,446.754,2226.78,14.4096,17.724,4205.35,3925.57,0.0196905,0.653708,48.7949,359.29699999999997,0.00857085
29,1.8515099999999998,0.102621,182.731,7757.06,1614.72,9301.12,1.92297,9.04743,96.4463,2318.76,3157.3,558.033,0.0001,2007.12,9996.02,2651.02,9975.46,311.944,290.941,0.0270363,0.872547,306.041,1702.4,21.4523
30,1.85152,0.106574,44.8595,720.3510000000001,1012.56,5829.05,26.6569,92.1399,0.795675,8.4189,5576.27,5631.94,76.2553,1065.65,5319.82,1886.61,2806.91,2.62341,2.43202,0.000104749,1.63497,28.4929,80.3449,0.378405
31,1.85172,0.106026,13.2604,99.6305,68.7334,390.469,3555.3,9921.88,165.545,2177.27,5625.26,8903.66,266.64099999999996,540.5930000000001,2695.9,3191.03,2301.29,153.892,142.629,0.000107626,1.92793,205.52,516.599,0.000802804
32,1.8519700000000001,0.10768399999999999,676.955,8429.33,585.328,3366.78,22.5019,93.0798,57.1975,1118.36,1092.21,2307.44,217.166,1311.98,6549.4,7569.29,8771.81,9974.52,9999.18,0.311477,1.34465,13.2984,43.4491,0.000442949
33,1.85276,0.128583,2.4222599999999996,3.01583,12.5361,66.5721,14.9786,6.84854,4.7438199999999995,6.879860000000001,3445.39,72.8179,1.4981200000000001,1.80178,3.9664599999999997,345.055,120.40299999999999,0.710512,7.67564,40.5391,0.49023199999999995,1006.09,9999.7,0.00930738
34,1.85306,0.10780899999999999,97.4708,650.0459999999999,3.44196,14.1345,308.01099999999997,98.7416,388.15,591.565,747.518,21.9922,0.000682222,144.746,717.967,2123.4,1324.96,84.6952,78.5307,0.000147187,1.4344299999999999,221.722,750.8960000000001,0.00443277
35,1.85339,0.109741,43.8378,1300.87,238.58,1369.13,6466.02,3854.71,237.93900000000002,669.211,2065.24,274.105,0.00010000100000000001,1999.48,9986.26,1229.62,3469.5,726.717,778.4789999999999,0.594353,1.14478,74.4701,313.115,0.00390295
36,1.8537099999999997,0.10793499999999999,94.064,661.695,1187.77,6829.94,6.65354,48.9996,23.3593,812.303,6072.55,3118.72,90.9949,921.961,4597.41,119.54700000000001,75.1469,396.235,688.082,3.33305,1.80355,1837.36,4979.61,0.0424189
37,1.8548099999999998,0.110545,430.467,3627.02,1.77635,4.53569,29.9689,118.119,118.36,2204.79,672.245,9999.75,2285.36,1360.18,6788.76,49.3568,35.9276,1192.87,1144.1,0.136958,5.50136,6.7396899999999995,1.07904,0.00301318
38,1.85485,0.107695,70.8736,1142.07,1581.32,9107.72,2656.45,5398.03,23.456999999999997,220.88299999999998,7519.74,532.263,0.0001,1071.31,5348.1,965.2810000000001,1450.14,6747.75,9993.96,2.28513,1.22024,68.6069,270.0,0.027947399999999997
39,1.8550200000000001,0.11205,482.671,7508.36,39.7409,223.138,3.15047,13.6229,7.198639999999999,150.13,1239.72,93.1865,0.358212,5.32777,21.5618,4780.75,7185.0,4.12791,9995.02,9996.71,1.0565200000000001,3.8956,13.1083,0.07476100000000001
40,1.85538,0.11071700000000001,5.4695800000000006,22.8754,1160.94,6686.45,2.02488,10.0488,68.4172,1715.04,471.73900000000003,8786.56,4820.56,1407.09,7025.16,2170.43,1048.63,0.956749,3.96695,13.2196,1.42004,11.6734,35.2836,0.0633433
41,1.85543,0.114353,705.9019999999999,213.481,251.135,1441.37,3.63706,16.4883,7.76123,169.015,1455.42,728.2919999999999,2087.08,10.0453,45.1491,9981.4,301.009,61.3135,140.607,5.63059,0.887699,26.2428,139.645,0.0001
42,1.8558299999999999,0.105948,248.063,3386.12,1728.48,9957.25,6276.92,8856.57,323.079,2155.18,1818.51,3018.95,155.783,586.229,2923.63,7922.04,9913.86,2071.15,9707.11,15.5045,6.68355,23.9853,12.6555,0.00425056
43,1.8570799999999998,0.105246,822.9,351.26599999999996,13.8528,74.0972,2545.86,4184.78,741.535,5775.65,55.5608,97.02,5642.26,969.471,4843.2,9212.31,358.986,82.0128,9762.33,486.805,114.87200000000001,3752.77,155.178,0.000105564
44,1.8572799999999998,0.11643599999999998,27.2764,1458.95,105.652,603.007,52.3909,5.58125,1129.38,650.8530000000001,4319.33,1093.38,0.0001,175.65599999999998,872.52,794.3589999999999,4275.05,9950.59,9260.96,0.0132751,0.53714,125.041,1130.32,0.168276
45,1.85762,0.121377,204.248,1263.87,471.309,2712.35,107.598,5.28146,3169.26,846.74,8468.89,7965.62,174.667,337.788,1684.46,7858.27,5106.12,9605.9,8890.51,0.000728386,0.5360199999999999,14.2449,124.624,0.243461
46,1.85915,0.114631,351.411,104.786,1619.43,9324.17,4.0488,19.2551,400.92900000000003,9331.32,5908.84,2757.29,1924.48,1442.0,7203.75,3005.98,88.8279,168.63299999999998,8294.94,198.832,0.590567,549.325,4533.1,0.00572146
47,1.87546,0.12468199999999999,2.81513,53.3848,612.883,3512.65,0.49731400000000003,2.2117400000000003,344.94599999999997,9841.93,8500.04,886.061,0.000113491,119.36,593.232,715.577,1581.74,3.18433,5837.87,7514.58,0.558484,7.957730000000001,64.6444,27.4736
48,1.91599,0.016212,228.118,8580.32,45.4059,256.784,128.41899999999998,47.5323,31.572,52.2979,473.529,2671.01,1357.79,81.6106,399.695,7.3778,0.00011040299999999999,0.12773900000000002,25.2154,766.4810000000001,0.175956,2.16597,54.3894,1352.93
49,1.92085,0.017177599999999998,2712.09,5917.04,1088.57,6279.21,39.1594,13.5645,31.3399,50.6809,1706.45,3791.22,8849.95,262.124,1295.7,119.09200000000001,0.0001,0.14044700000000002,172.204,4807.16,0.16159,154.856,4615.59,262.032
50,1.9257799999999998,0.0125674,9963.88,371.31,1103.55,6376.94,278.88599999999997,74.997,20.2561,21.8442,9157.83,81.2243,2811.74,2025.12,9997.49,9471.35,0.000164145,0.153811,61.4201,1567.66,0.152075,6.23851,192.16400000000002,24.9067
51,1.9293799999999999,0.0140102,703.4119999999999,18.6398,37.8163,213.17,98.3089,33.2731,63.9159,101.76799999999999,820.076,0.375742,141.993,148.588,729.674,9641.7,0.00204588,0.12327,236.485,7464.48,0.149593,24.4735,781.068,2.0024
52,1.9343700000000001,878.118,183.081,642.396,273.363,1569.39,820.9069999999999,323.79200000000003,36.3691,63.3871,344.819,0.41659700000000005,566.835,74.7612,369.624,0.132707,345.73,0.12080199999999999,2.83443,89.9521,0.156228,37.3093,1153.06,1217.2
53,1.94845,1253.59,885.9839999999999,1632.39,113.147,646.099,1717.1,115.329,140.769,40.589,1793.06,3.4706599999999996,421.126,709.966,3555.76,4.10744,8048.06,0.12120299999999999,299.385,9834.91,0.141597,2.9300599999999997,95.1583,2284.73
54,1.9514099999999999,926.04,869.829,355.525,338.045,1941.9,184.15900000000002,18.4545,76.8844,33.6386,9969.87,7.5907800000000005,64.7951,457.344,2287.53,2.44786,790.977,0.13488699999999998,3.0324400000000002,85.8485,0.142507,43.2734,1464.14,388.653
55,1.9669599999999998,2.51622,2.52833,27.8831,1683.77,9699.79,258.68,806.3530000000001,555.03,8077.02,0.0001,8923.05,9578.79,1733.55,8697.97,130.984,3591.36,0.162173,401.213,9966.8,0.177123,32.3273,879.075,0.0001
56,1.97925,2888.63,2837.7,828.5419999999999,491.694,2827.54,6.81911,60.6929,0.608584,20.8008,9995.28,3.17362,150.343,382.779,1911.79,1.33362,949.313,30.7791,28.4698,0.00411217,0.136352,30.2641,1066.11,9999.11
57,1.98227,494.12,1506.11,818.8860000000001,1545.52,8897.35,292.79900000000004,2697.88,39.0146,1658.55,8806.05,0.942274,43.8463,598.6469999999999,2996.04,20.1078,4576.72,667.02,616.73,0.00104853,0.135631,21.5602,762.701,90.2743
58,1.9857,4768.57,271.881,0.342598,1629.05,9383.82,391.653,3452.01,63.978,2595.34,9997.23,0.518781,10.7701,382.56,1911.12,130.519,9998.79,3.86815,5537.09,5915.12,0.13526,90.9993,3237.99,22.2511
59,1.98587,1615.54,13.8721,0.000513936,550.0269999999999,3162.5,508.119,4657.06,109.7,4642.97,2378.65,0.46641499999999997,98.1478,308.737,1539.33,0.659104,308.072,411.76,380.538,0.0001,0.135723,49.9782,1788.45,208.87900000000002
60,1.98642,9993.62,8968.62,9838.67,1729.93,9965.16,961.61,9915.75,208.767,9898.54,9338.32,33.582,2017.27,1126.64,5641.49,0.0446952,409.62800000000004,944.238,879.987,0.0271394,0.137433,58.3812,2037.03,9957.18
61,1.98701,164.229,1021.93,3008.25,541.547,3116.24,1.73101,15.3912,11.5514,494.809,1199.84,0.20837399999999998,83.2839,1920.85,9622.31,20.9789,8558.74,4441.64,4107.08,0.000103778,0.13708800000000002,283.152,9970.16,110.685
62,1.99037,0.032835500000000004,499.779,502.673,849.697,4892.88,8245.21,5097.42,2757.73,8124.24,1465.74,2057.11,6257.95,1705.68,8495.44,134.244,0.00866121,8338.59,9488.2,0.8369530000000001,0.13203199999999998,73.5525,2676.07,94.7489
63,1.99125,6.32722,0.92648,422.68300000000005,208.16,1194.91,408.83099999999996,2897.24,0.141094,0.0001,9974.56,11.2022,532.504,83.8972,415.30800000000005,0.312108,764.627,410.08099999999996,399.986,0.211013,0.13995,282.876,9757.2,723.1610000000001
64,1.99195,0.0200108,17.4256,327.71,1115.61,6433.25,180.421,1202.56,157.03799999999998,4895.08,4422.39,67.7347,0.0001,460.04699999999997,2276.66,279.16,87.163,8.56735,4356.95,2077.06,0.14995999999999998,311.835,9999.97,5831.52
65,1.99584,0.025451599999999998,0.113977,18.0567,160.44299999999998,920.9119999999999,51.849,219.96900000000002,2.2046799999999998,39.5396,43.431999999999995,1640.84,920.342,3.18931,10.7943,141.63299999999998,616.5419999999999,106.837,106.649,0.275887,0.14829900000000001,47.5129,1538.28,925.7280000000001
66,1.99691,0.0278892,7176.63,577.688,244.34400000000002,1406.97,67.891,16.6903,7776.31,9562.93,5992.79,174.64700000000002,1913.86,117.73899999999999,580.566,3090.29,2.15129,235.446,1757.85,26.6901,0.145738,130.615,4298.48,31.8018
67,1.9998,0.0213594,1797.45,2103.3,1475.88,8519.66,129.372,952.441,51.3448,1765.25,1855.12,398.608,1272.71,327.233,1620.34,8594.87,180.43200000000002,2753.78,2563.92,0.00010345200000000001,0.160807,5.04515,146.12,147.834
68,2.00183,5760.99,943.008,1117.94,1735.99,9998.86,4.8373099999999996,45.3784,16.2512,709.7489999999999,9322.47,30.0716,1259.0,206.924,1031.57,0.16103499999999998,927.427,63.5685,70.5145,0.763568,0.139986,0.495759,12.1864,3079.11
69,2.00428,85.4551,157.502,250.78799999999998,12.9918,69.2061,1.85297,17.3584,33.4341,1513.34,6666.92,0.8158569999999999,19.5783,192.363,959.0139999999999,83.2593,9730.35,22.3801,76.429,10.2924,0.13633699999999999,31.9374,1125.81,60.8746
70,2.0043900000000003,0.0227199,7707.28,2383.92,1672.32,9652.59,76.6507,36.8201,3956.72,9235.32,9994.16,636.011,1341.9,1211.86,6020.83,9709.94,54.6271,695.7539999999999,8737.05,47.7009,0.14420999999999998,195.572,6511.97,210.445
71,2.00462,0.0191662,807.43,7666.3,1725.59,9958.92,2.81602,28.5415,15.1452,729.8910000000001,838.4910000000001,3937.67,3833.79,276.189,1366.62,58.1904,5.217630000000001,213.236,199.053,0.0006714010000000001,0.146146,302.472,9949.84,559.5880000000001
72,2.00464,1708.95,5623.68,508.85900000000004,1612.29,9288.34,732.715,7631.05,16.8461,805.0930000000001,9761.28,0.7971550000000001,22.7904,465.51099999999997,2327.37,35.6746,4690.56,153.944,4557.28,118.57700000000001,0.13726300000000002,48.1283,1688.32,29.8393
73,2.0047900000000003,9613.6,327.245,0.00013667399999999999,563.805,3244.33,8339.59,213.71400000000003,6762.81,821.9110000000001,9960.48,0.48110699999999995,20.2368,1578.48,7904.54,7.61905,910.1360000000001,715.8330000000001,662.071,0.000100382,0.11949800000000001,7.8137,309.863,32.0997
74,2.00546,0.025043700000000002,1206.49,5700.56,148.887,853.3969999999999,2273.54,710.4839999999999,2202.26,3275.41,647.356,351.04400000000004,672.7439999999999,555.832,2759.5,1228.35,121.009,1760.89,1690.73,0.11873,0.144727,11.2,367.509,205.243
75,2.01227,8.43483,9.5392,117.99700000000001,1014.67,5842.87,89.9796,32.9439,1384.43,2459.43,7302.42,0.388844,14.0321,587.139,2937.23,95.4646,8743.96,8782.3,8123.81,0.00019291799999999998,0.121504,71.873,2841.83,24.1432
76,2.01586,0.0226605,1.41855,371.945,2.82523,10.5559,0.398285,5.06867,88.6734,5978.04,62.2774,9911.42,3213.15,7.598439999999999,32.7455,951.7510000000001,4834.1,5.68572,1134.69,814.73,0.156164,117.125,3628.3,1510.52
77,2.01641,9919.99,1892.22,1.36047,1288.37,7439.23,4750.66,21.1007,4181.48,87.17399999999999,0.0484023,2375.13,1.06265,1518.47,7607.35,328.676,9037.11,0.083882,214.128,9999.29,4848.8,6465.92,1.60537,4.5673900000000005
78,2.01861,1.29877,0.1408,5.21963,0.999764,0.000113875,0.0001,1.13773,0.0437848,38.8049,0.121334,0.422655,0.5695680000000001,14.0364,64.6922,0.049264499999999996,0.000223477,0.0667176,4.417680000000001,245.287,8.081610000000001,10.7781,1.61273,7.96247
79,2.02831,376.741,161.263,791.181,429.85400000000004,2471.76,8878.19,5347.55,3221.51,9236.23,810.9839999999999,0.525043,336.99699999999996,785.791,3932.6,0.194686,301.399,12.6086,291.645,91.8243,0.12203599999999999,42.5893,1679.14,400.599
80,2.03538,78.5909,9999.89,0.0137576,916.145,5273.99,643.7919999999999,48.6617,175.52200000000002,59.8088,71.7242,171.543,9470.55,26.9131,129.847,118.69200000000001,0.00020351,0.165722,8.13456,193.235,0.10848,168.343,7469.01,0.000491385
81,2.0554200000000002,19.6832,20.680999999999997,3.1299099999999997,1.01654,0.150009,157.11700000000002,16.9421,2471.84,1324.39,4.48867,105.726,355.13199999999995,302.181,1510.23,123.978,791.2410000000001,0.41562299999999996,0.392538,0.0474235,0.136017,0.13864400000000002,0.00443324,0.000118494
82,2.06482,4910.61,4233.81,2.7642900000000004,1727.17,9946.52,9.661589999999999,4.82777,38.2335,101.4,135.05,8810.24,811.091,1140.56,5703.0,1200.42,8921.97,926.2410000000001,857.052,0.0001819,0.11626500000000001,41.4995,1712.98,0.00665677
83,2.06976,2.50375,5595.57,3004.56,165.325,946.193,31.3653,11.6227,115.22200000000001,212.142,684.3660000000001,8415.93,1317.23,173.567,865.7310000000001,8796.33,9999.77,54.0448,50.2841,0.020730099999999998,0.12244200000000001,95.6719,3764.82,0.00220017
84,2.0716900000000003,818.818,662.5089999999999,0.0357893,2.72031,9.9752,62.3269,8.90662,1515.76,1117.93,15.2909,864.313,1150.04,11.5321,52.7861,362.30400000000003,1837.57,787.43,1849.45,5.888730000000001,0.124445,20.883000000000003,803.7689999999999,0.00026907900000000003
85,2.07271,807.3889999999999,59.8304,1391.22,3.6912199999999995,15.565,90.0385,12.7228,13.7715,5.19246,7.357660000000001,5495.19,4.26307,4.7310099999999995,18.6824,0.343438,5451.62,25.4468,25.447,0.309247,0.126046,30.5178,1163.08,16.2353
86,2.0735200000000003,5.70858,2992.32,747.562,1730.97,9969.79,37.8191,5.40969,707.454,548.211,1279.1,8834.45,689.581,626.178,3133.71,3305.32,3997.77,24.616999999999997,869.393,142.12,0.123749,24.0006,930.4780000000001,0.0159452
87,2.07528,98.2033,7045.38,7.974889999999999,2.66297,9.64433,83.7715,13.1861,17.8789,9.54227,41.284,477.13599999999997,9718.32,134.284,668.258,639.515,92.5727,1.1437899999999999,2425.94,8749.65,0.11795599999999999,18.3617,745.447,0.000273537
88,2.0769,82.6246,4281.87,0.0732156,1718.81,9903.17,481.67,76.9302,24.9934,14.5299,8907.55,6267.78,1112.74,1267.22,6347.57,7118.08,565.875,568.236,549.7769999999999,0.180422,0.117993,71.3232,2908.32,0.0001
89,2.07707,99.9402,683.216,16.5577,400.19300000000004,2300.83,39.3233,6.06786,113.615,89.7578,1151.92,143.14700000000002,0.0001,6.1845099999999995,25.9454,2646.21,6986.16,42.4806,825.933,76.6471,0.11928299999999999,21.0607,846.216,0.027596600000000002
90,2.07727,77.5887,7000.33,0.0131365,1156.84,6663.98,345.42199999999997,16.35,3549.47,834.128,5337.8,8873.34,4655.17,513.315,2569.38,7403.0,332.403,916.48,1196.4,1.5705,0.118461,11.839,476.685,0.0005324780000000001
91,2.0773900000000003,3080.32,5675.38,0.078411,43.1668,242.997,2840.64,330.88599999999997,12.124,2.08303,9213.01,1035.96,0.33510700000000004,403.224,2016.52,1240.37,2791.31,4863.46,4555.76,0.047939300000000004,0.116673,70.154,2892.11,0.00252883
92,2.07764,480.735,10000.0,3.66664,1128.94,6500.83,116.23700000000001,70.7671,193.454,560.839,65.4733,1610.54,8971.01,42.7799,209.37400000000002,396.412,132.969,9.17135,3335.68,1499.13,0.119674,246.877,9937.46,0.00010000200000000001
93,2.0965700000000003,8.8482,9998.43,2677.4,162.507,931.46,24.2148,2.2400599999999997,1353.92,806.331,58.9978,9999.63,9996.19,16.2507,76.443,3716.82,7441.05,1274.6,1178.47,0.000226706,0.09137769999999999,91.5496,4823.55,9999.67
94,2.10223,3286.19,29.6831,43.3431,2.72395,10.0155,233.595,3384.89,2.27198,145.641,12.9895,0.035064599999999994,977.909,64.4853,318.069,0.22446799999999997,1004.95,1.57158,442.65,1162.67,34.7062,2557.58,355.50199999999995,1016.15
95,2.1028599999999997,44.4459,8139.8,87.0747,559.7919999999999,3222.61,3.33615,11.0835,4.60637,73.1061,104.008,576.214,1643.61,548.8290000000001,2767.5,1146.28,481.221,0.445324,1.9849599999999998,14.3604,0.117922,244.33700000000002,9929.77,0.0001
96,2.10376,470.43,190.15099999999998,10.0076,1732.15,10000.0,583.6469999999999,9004.63,107.059,7529.13,6721.66,0.952211,0.776192,1459.69,7309.39,55.9666,1728.1,9.44767,9398.4,4115.31,104.822,8787.58,405.03,4247.84
97,2.10429,663.5160000000001,402.085,1768.31,190.268,1092.92,0.729266,9.65526,106.898,7015.71,7981.23,6.21445,533.5830000000001,1612.35,8082.41,0.354356,870.044,3.4416599999999997,1293.61,1551.62,1178.16,1293.17,0.44895799999999997,947.5219999999999
98,2.1056,1662.45,567.405,228.34400000000002,94.6051,540.7909999999999,259.214,4031.98,7.23528,509.75300000000004,4108.41,1.07416,120.0,548.883,2745.15,10.0888,5803.24,352.226,3858.69,41.5473,21.1773,688.2810000000001,153.944,200.02
99,2.10635,7994.22,9950.44,987.475,109.771,628.443,297.305,3893.71,0.07723510000000001,0.00506141,396.36400000000003,0.176294,141.05100000000002,134.58100000000002,669.329,9.2419,6201.98,10.8039,3695.23,1412.02,2.9175400000000002,1580.97,2644.47,265.307
100,2.10672,43.8226,44.0489,0.00011376600000000001,359.092,2075.34,982.1619999999999,443.352,1700.28,3650.39,11.8651,769.422,1729.06,1398.77,6997.83,87.7396,354.398,1.9866,2678.58,5586.25,0.0590653,37.4472,3017.84,162.179
101,2.10765,1341.71,2106.06,1328.15,1183.95,6833.59,7.88935,102.07,0.0775493,0.00194902,9781.8,4.17079,150.599,1.66272,3.27503,0.41527600000000003,293.096,42.4214,9970.65,969.5089999999999,26.1607,27.9798,0.311148,1503.78
102,2.11211,2981.19,2493.16,58.9158,28.3633,158.1,18.5391,285.059,80.1214,5635.17,408.866,0.0200877,8.05711,224.418,1120.01,8.87688,566.513,1595.91,5025.89,9.218580000000001,37.6384,3699.0,475.435,536.836
103,2.11952,3621.38,1728.16,5274.36,80.3231,458.275,0.769077,10.4085,32.4815,2173.86,9726.18,46.4928,2033.97,329.905,1647.82,0.20504299999999998,1907.29,280.528,529.134,3.9879800000000003,34.4963,1027.0,140.65200000000002,3535.27
104,2.15805,15.5421,1472.27,1976.6,1556.86,8931.29,0.0001,0.341138,3.6473,3639.02,0.0452626,1.20821,63.7839,52.2345,254.922,0.9626049999999999,13.0342,389.51300000000003,363.431,0.00966423,2.8997,2.94397,0.048050999999999996,1.73305
105,2.20301,113.43,923.5060000000001,1.1547399999999999,33.9663,190.487,9988.63,1012.27,9886.83,4750.36,372.468,96.7885,46.2588,216.796,1081.08,713.54,439.02,941.995,2600.5,7.6146199999999995,0.71558,381.87699999999995,2603.61,0.0001
106,2.20543,639.432,1620.0,4305.8,1576.84,9102.54,22.4763,0.572959,2228.29,646.628,587.179,8036.85,245.412,1.2936299999999998,1.43157,4.50813,6458.73,107.432,1800.15,65.5686,78.7413,6113.57,374.665,290.69
107,2.2055700000000003,2791.57,1284.45,3.4693300000000002,2.0567900000000003,6.17628,618.2080000000001,253.565,5.63892,6.357130000000001,2213.12,1586.87,0.00010382,21.6863,103.59899999999999,313.275,4763.59,3.0986700000000003,1119.05,1491.45,238.468,739.2389999999999,10.2391,0.09570139999999999
108,2.20573,52.2262,6.38092,1.63868,400.337,2306.81,4274.91,1466.06,765.872,1241.27,2271.71,882.7760000000001,3.0851900000000003,644.4259999999999,3223.96,61.4411,2742.16,2639.47,2515.45,0.125192,2578.01,5775.9,6.03699,45.1807
109,2.20574,9933.9,4118.09,0.0343995,1730.12,9988.06,25.9387,8.59971,165.127,279.448,2027.11,1002.91,0.227658,1820.28,9115.85,784.8889999999999,7776.01,9403.66,9162.31,0.21309,3.27944,14.7953,17.1428,3.33141
110,2.20575,259.895,4730.46,1.6524900000000002,496.545,2862.57,268.28700000000003,43.9537,762.566,598.5880000000001,707.695,3366.17,1986.81,753.04,3768.17,2544.93,761.288,8620.75,7979.89,0.0119001,655.281,874.557,1.6079299999999999,0.0001
111,2.26716,0.0001,2466.54,5576.4,132.252,761.184,9936.37,498.645,2369.15,569.078,8570.63,37.6017,1454.72,342.611,1684.78,9937.47,0.000125785,0.11846199999999998,13.4352,430.473,0.157135,67.8887,2080.42,1459.07
112,2.27486,0.00010005100000000001,432.316,9381.18,1712.35,9912.06,406.30400000000003,71.25,9993.97,8514.59,2351.39,76.656,6360.36,543.4259999999999,2673.42,5816.88,0.00124482,0.12328900000000001,320.626,9999.96,0.142092,73.5493,2491.21,3938.79
113,2.27589,0.0001,1019.75,9780.71,606.816,3509.86,759.487,76.3443,1493.75,725.93,7448.62,811.826,6161.59,1609.24,7938.36,1694.88,0.000128116,0.13184400000000002,56.4633,1648.15,0.16939,13.642000000000001,383.48400000000004,5305.23
114,2.28537,0.0001,6060.67,10000.0,452.471,2622.74,359.89,74.5305,90.2921,86.133,8984.75,212.889,7931.07,1964.04,9738.92,9997.6,0.00165005,0.131373,172.29,5057.3,0.154416,58.7163,1838.26,1109.34
115,2.3372599999999997,0.0001,5.25933,1007.67,0.9924459999999999,0.0678,6352.02,523.785,2475.37,980.9689999999999,408.13599999999997,1807.28,9873.81,733.946,3620.59,66.738,0.000108248,0.09776169999999999,32.7337,1265.76,1.16719,19.865,78.1883,5801.69
116,2.3425700000000003,0.0001,357.534,2686.97,1658.24,9625.42,2970.56,1571.48,3560.58,9078.23,708.461,97.0488,7310.76,1320.87,6504.16,1593.22,0.000147203,0.0967013,14.6463,570.08,10.2856,2790.35,1317.14,389.064
117,2.3660099999999997,0.0001,384.046,9929.35,143.751,827.64,325.49,2459.02,44.3398,1567.93,1361.6,365.403,9999.97,107.609,525.75,1289.04,0.594536,260.845,2914.23,41.044,0.134011,157.196,5636.62,2664.3
118,2.3662400000000003,0.0001,689.8810000000001,9999.68,1619.82,9384.1,62.4901,499.18699999999995,11.7662,436.84,493.161,22.2366,7623.46,956.082,4709.47,9999.81,3.72575,64.5074,9080.08,561.605,0.13786600000000002,8.22705,282.182,548.01
119,2.36692,0.0001,1756.25,5921.77,550.918,3187.68,8.4538,71.167,174.65200000000002,6963.99,7019.07,97.3897,3802.32,1930.0,9498.92,9995.76,0.834363,570.832,9997.93,66.4079,0.13531400000000002,281.35900000000004,9999.99,1788.56
120,2.36857,0.0001,20.424,418.476,166.858,960.956,18.2379,139.011,19.8993,711.7080000000001,2361.71,829.383,9916.59,1352.05,6659.19,907.6389999999999,0.285175,157.08,6677.12,166.608,0.138194,39.2097,1360.35,3643.5
121,2.37131,0.0001,18.6382,167.424,1552.88,8991.51,115.995,572.481,428.454,9999.75,529.972,27.4159,9838.33,1075.34,5291.82,5925.69,0.15773800000000002,340.731,9235.12,105.057,0.127416,4.10515,149.782,374.43699999999995
122,2.372,0.0001,42.0433,483.66900000000004,101.39200000000001,582.11,6.615239999999999,54.1691,5.82967,222.81799999999998,5822.04,712.0880000000001,9992.13,612.571,3016.02,9974.6,11.7645,2.23952,39.0092,65.9653,0.138276,35.1682,1219.75,5122.89
123,2.37247,0.0001,556.9580000000001,9977.42,1138.9,6596.8,10.3419,75.0682,0.95319,28.2422,4753.33,721.846,10000.0,363.68,1787.93,2192.21,0.430399,773.086,6431.34,29.5664,0.133374,198.149,7139.79,6466.43
124,2.37342,0.0001,676.566,2743.41,1386.38,8011.76,89.5132,526.2919999999999,15.6513,428.468,5130.6,153.65200000000002,9025.96,2.1386700000000003,5.46499,9445.77,0.190702,1.24156,3055.6,9860.26,0.131472,8.14018,293.38599999999997,1584.47
125,2.3759900000000003,0.0001,202.31900000000002,9996.65,6.98295,34.7683,9.94789,60.7135,19.3904,559.039,73.6311,39.0727,9999.98,18.7544,87.5161,2976.2,16.3226,0.9731790000000001,658.433,2708.88,0.140541,3.56661,117.396,275.472
126,2.37852,0.0001,93.5992,1665.48,406.691,2351.51,8.715810000000001,71.45100000000001,5.09604,193.13,7409.88,0.878967,0.0001,685.8910000000001,3378.99,4820.62,8.33726,71.962,449.525,21.2931,0.13696,2.26384,74.6834,9999.99
127,2.38057,0.0001,758.683,9333.32,1725.13,9994.71,2019.06,980.4830000000001,126.515,289.467,1119.18,3.89194,1119.92,349.31199999999995,1718.69,9841.38,0.0559886,4.12426,1906.53,1851.63,0.114783,3.9569400000000003,160.428,1061.54
128,2.3809,0.0001,2872.53,9996.58,1726.0,9999.2,3571.45,2156.59,2906.95,8394.46,3722.2,145.548,9978.94,132.718,649.375,7664.2,0.0001,600.311,9993.95,63.0223,0.119029,54.9319,2207.79,977.467
129,2.38096,0.0001,323.497,4245.48,1111.37,6434.73,801.27,141.225,9960.61,8451.41,1663.92,43.3332,4864.18,63.8184,309.751,5611.44,0.00421179,11.8143,7475.64,2535.31,0.114901,15.6425,647.923,1677.86
130,2.38143,0.0001,406.94699999999995,2376.25,596.281,3450.24,443.718,33.7762,7905.22,2948.16,3439.54,157.658,9999.09,2014.86,9931.93,6544.82,0.00166126,3.47854,250.935,285.514,0.116932,35.6093,1455.59,1531.49
131,2.38393,0.0001,187.359,2865.47,290.991,1685.88,1172.2,115.26700000000001,191.222,86.6615,312.676,11.4832,1091.18,1178.27,5809.3,2396.99,6.41725,0.116539,110.709,3649.85,4.4210199999999995,3417.82,3761.6,353.108
132,2.39304,0.0001,2339.16,4065.18,1715.45,9938.84,1161.34,224.15,1929.95,1780.93,2456.88,82.7736,9820.09,211.083,1034.34,9988.26,0.5563739999999999,2141.1,9876.36,14.7908,0.122564,12.2294,474.205,316.72900000000004
133,2.39362,0.0001,97.2717,9985.15,435.514,2519.77,73.7289,45.8264,1751.09,5287.78,202.06900000000002,95.2301,3573.79,732.923,3609.68,9996.15,163.783,344.293,9474.42,106.90899999999999,0.126665,53.8735,2038.52,1563.62
134,2.3940599999999996,0.0001,2499.55,9999.42,698.9810000000001,4048.12,34.7256,13.1739,5012.0,9715.77,7529.82,617.279,9999.54,716.7230000000001,3531.79,3680.19,0.0174872,100.178,9919.49,390.81800000000004,0.132548,47.4559,1715.76,2231.53
135,2.39911,0.0001,167.06099999999998,1345.29,309.839,1789.69,407.719,3481.1,221.36900000000003,8842.0,1660.04,25.1592,3144.51,511.407,2520.45,9689.61,2.1307,133.485,126.301,0.00010149700000000001,0.12751300000000002,68.7342,2589.66,1028.46
136,2.40095,0.00010002100000000001,312.44,4416.02,11.6635,61.8448,22.398000000000003,191.77900000000002,50.6936,2035.54,839.688,28.5208,3847.63,165.97099999999998,814.9789999999999,3463.62,0.0838951,9851.8,9321.16,0.000122337,0.123128,218.947,8551.63,910.7869999999999
137,2.40105,0.0001,899.448,5384.81,863.8639999999999,4998.91,63.1354,578.07,6.617430000000001,278.834,1045.4,58.8632,8869.3,1645.85,8121.46,9089.81,3.5392099999999997,919.3380000000001,870.043,0.000104749,0.127891,14.8994,555.812,475.17
138,2.4111599999999997,0.0001,46.9653,958.0419999999999,2.8248599999999997,10.6501,1763.05,122.259,4913.32,1649.9,1400.88,101.87299999999999,8156.75,278.86400000000003,1377.92,8773.01,6.23121,0.09518689999999999,55.3417,2205.61,2020.4,9330.29,17.7127,2213.51
139,2.4175,0.0001,1314.08,3135.0,1717.47,9947.0,7100.2,1613.62,6504.33,7062.07,8339.45,156.078,6220.4,1721.51,8497.98,9999.14,0.0104374,8500.48,8049.19,0.000100217,0.11633800000000001,23.3347,958.01,1504.85
140,2.42092,0.0001,6.42961,319.85900000000004,721.625,4186.0,187.89,66.7768,34.7805,55.0319,593.143,209.298,3492.77,218.27,1072.66,5967.61,73.3379,0.112053,3.51654,117.654,282.19,2188.48,32.9105,2219.04
141,2.46623,0.0001,393.475,1203.73,927.6469999999999,5384.92,10.3202,115.756,55.7595,2920.53,9910.25,453.42199999999997,4996.01,262.53,1288.86,9999.47,7.85325,8.20683,2779.64,1357.5,26.8179,6487.85,1174.16,2198.22
142,2.4703,0.0001,281.82599999999996,2061.1,533.001,3095.5,238.44400000000002,2968.91,0.8043140000000001,41.6881,7268.8,1228.14,7654.63,1990.04,9797.26,5818.4,12.5067,828.3989999999999,9847.71,44.0599,18.7534,2143.45,551.7180000000001,3839.73
143,2.47102,0.0001,44.2042,638.7909999999999,172.30599999999998,993.2660000000001,4.32282,51.1065,159.668,8878.8,9440.97,2.26213,0.0001,749.3580000000001,3698.35,2499.13,8.91131,3.08774,54.5376,67.1517,67.4933,6216.57,444.356,9985.88
144,2.47615,0.0001,37.74,116.794,582.7130000000001,3379.25,460.82,5289.66,185.03099999999998,9860.71,2675.16,56.8289,2150.03,1287.91,6336.84,3085.04,0.0575308,125.41,2478.3,75.5572,83.9335,9994.11,575.66,622.757
145,2.50066,0.0001,821.461,9633.27,5.48334,26.109,38.1249,546.241,0.31448400000000004,16.3166,7391.62,1191.31,6630.18,9.72188,42.2909,9850.27,27.8378,0.130241,334.639,9999.83,1.78309,403.291,1089.6,6314.58
146,2.50508,7119.52,82.1193,0.000117913,205.053,1172.69,0.0001,0.513777,1.94382,1966.58,869.672,3890.8,51.8444,487.474,2434.87,4.21574,1487.27,24.0794,22.3042,0.0001,0.128715,9.83042,363.95099999999996,64.9507
147,2.5272200000000002,0.0001,1118.91,7109.56,49.11600000000001,279.722,417.92199999999997,95.2016,6975.02,7661.55,9992.49,2370.07,9540.26,1400.06,6899.86,1746.99,1.7013599999999998,57.8632,9171.97,633.26,1.18231,18.6735,72.0657,4493.71
148,2.82517,0.11670499999999999,9999.92,1416.82,87.65299999999999,495.413,0.00406768,9975.76,11.8701,9998.78,8993.29,338.625,341.836,2004.78,9948.89,269.691,0.000138632,0.0001,18.9068,8249.63,7.54343,1489.91,960.837,0.00131468
149,3.2896699999999996,6712.95,1107.5,0.000203689,312.605,1797.11,4.8643,9999.99,5.99335,4454.12,3247.61,8171.99,0.7165199999999999,355.75800000000004,1775.63,52.3932,1347.39,0.0001,7.07488,3274.55,6.27805,6.31525,0.0001,0.201156
150,3.43309,61.1228,8.66884,0.0001,1941.56,10000.0,5930.72,8198.25,20.3222,127.154,1.8518400000000002,0.00084231,0.20529299999999998,15.1458,70.7774,29.4038,842.82,572.844,9708.72,60.2161,0.0001,2.71849,4498.55,9999.81
151,4.27869,0.0001,49.8561,5506.32,37.0061,175.678,191.264,47.0124,112.639,126.544,202.364,37.1325,1670.74,11.6209,51.5112,273.661,0.0001,0.281147,34.8007,429.45099999999996,0.0001,3.17288,4947.75,1651.51
152,4.28342,1.10764,112.45299999999999,0.0001,30.2803,146.624,0.000100056,133.638,8.059989999999999,8237.4,3681.96,6.8097,0.0001,1.02021,0.015516899999999998,166.382,2.88352,2104.99,2248.18,0.119583,0.000100003,4.52346,7049.06,4502.25
153,4.30045,0.00010000100000000001,1001.63,8068.52,1884.97,9280.24,124.22,469.06199999999995,387.73,6795.95,7212.46,102.56,4597.8,2001.15,9738.11,9681.9,0.000205043,207.351,1040.09,14.0115,0.00010010100000000001,0.462291,709.355,4327.93
154,4.40395,0.0001,101.46700000000001,8094.92,486.909,2379.38,361.17400000000004,2452.9,122.32,3759.02,500.334,704.836,9077.51,994.565,4837.09,8001.57,155.947,611.474,650.816,0.000105012,0.00010000100000000001,1.7150900000000002,2698.46,2863.48
155,8.683860000000001,0.13751300000000002,0.020844400000000003,2121.86,415.58,2385.28,11.6504,660.128,1902.91,3.5808699999999996,3.30326,1863.21,0.0197653,144.458,713.9989999999999,0.500572,7305.41,997.752,6.00547,1767.65,2.53657,707.7719999999999,1359.0,9.24115
156,8.68953,0.126024,579.6669999999999,5258.09,26.9311,149.23,0.051897000000000006,1.38904,9848.73,11.2386,4490.52,206.859,0.0007455539999999999,330.13300000000004,1640.06,3387.96,4035.71,2611.89,17.9634,4126.9,3.45665,3149.63,4452.47,0.023211700000000002
157,8.69024,0.139322,28.8851,225.99099999999999,41.0608,230.39,0.323212,17.8529,9417.14,9.108989999999999,47.2092,313.676,855.543,3.4921599999999997,12.3438,1111.7,1281.09,3016.69,0.9584090000000001,276.079,1.2336200000000002,1.24231,0.0001422,0.000483164
158,8.69294,0.13103099999999998,14.2946,4628.73,4.2550300000000005,18.7742,0.9173600000000001,45.7966,3570.35,0.00051596,611.158,1043.71,0.000106808,1938.64,9660.88,0.786672,30.1572,3270.86,0.473447,122.97,1.55895,19.6237,56.6006,6.35385
159,8.69408,0.126591,75.0989,3221.12,11.9752,63.2232,30.7427,1589.38,3484.47,0.934702,51.9262,9769.96,4278.9,1567.45,7804.22,896.216,5071.95,2740.02,0.024414599999999998,1.8246099999999998,2.5460700000000003,217.38299999999998,412.134,0.000399938
160,8.887780000000001,3.99595,55.218,5874.59,1564.61,9014.5,19.042,683.824,9494.61,24.1483,9271.27,7.127260000000001,72.4646,562.7280000000001,2814.95,4.05507,1763.81,1792.59,53.5572,8029.34,0.162323,60.5382,1800.48,104.376
161,8.90301,0.23501999999999998,31.9347,1428.5,46.0303,258.618,0.0001,0.581313,9976.98,75.4102,0.0972812,63.7635,6278.35,2010.5,9978.95,929.1160000000001,9999.91,916.335,8.16216,10000.0,1.0813,750.06,3369.33,1.37132
162,8.99366,77.2084,2956.48,321.829,237.37599999999998,1363.82,0.237425,12.4568,9470.42,133.56799999999998,62.4227,4609.64,966.419,1.01116,0.000117934,55.8114,482.23199999999997,304.39099999999996,3.7753699999999997,1086.08,8.67044,983.9760000000001,549.443,0.00010777
163,9.01954,0.00126455,641.886,9908.75,506.44199999999995,2927.53,0.026497700000000003,0.587679,9713.35,667.3689999999999,5946.31,3.2274599999999998,0.0001,1435.3,6990.37,8847.8,120.376,58.5598,33.8185,9972.69,0.130491,175.14,6406.75,7276.92
164,9.09148,0.0001,63.6543,3369.37,94.421,541.482,141.016,9992.96,7944.95,45.4057,2491.49,0.36948600000000004,0.0001,239.33,1169.21,9999.74,33.7654,667.613,27.0329,9999.99,0.14919100000000002,28.9789,927.472,9999.97
165,9.09195,0.0001,3.7646699999999997,560.432,83.7583,479.53,2.90749,202.923,9999.3,14.5706,474.19699999999995,331.47900000000004,9839.58,769.823,3773.32,9999.68,105.661,2185.55,27.2924,9999.86,0.14943800000000002,48.3397,1548.3,5395.87
166,9.09223,0.0001,12.7909,721.944,16.2373,88.404,9.93282,692.425,9318.04,12.7564,613.955,25.7919,3774.64,642.4540000000001,3147.24,9999.98,12.6122,2233.91,25.9077,9525.82,0.149779,179.951,5760.02,2657.11
167,9.16723,0.0001,193.018,1470.17,661.85,3835.86,79.745,5678.51,4231.02,1549.3,1189.83,139.025,7558.13,1120.54,5500.06,9992.79,19.2915,11.8868,27.9033,9846.96,2.84044,537.0930000000001,914.433,664.206
168,9.169780000000001,141.27100000000002,9978.26,0.000145778,1414.47,8094.47,0.0001,0.376839,9987.81,155.724,706.383,1514.64,4797.9,32.498000000000005,156.435,4223.06,290.024,407.865,6.07011,9993.12,0.141481,293.01,9993.36,0.00182323
169,9.38642,0.0001,10.7431,2132.29,1712.18,9914.75,0.000111674,9466.8,9684.18,165.218,575.51,166.71900000000002,8718.51,1731.87,8487.33,9998.34,47.3184,408.909,0.727225,958.039,0.149854,48.4574,1546.34,8724.5
170,31.1243,6321.45,83.2216,1.50247,859.8389999999999,4953.66,11.9961,85.5446,1.98977,62.033,487.786,3916.85,1205.66,4660.41,44.7248,2145.49,1748.64,3.7676,26.6781,25.458000000000002,0.126908,61.2236,0.0001,0.0001
171,31.2574,1070.98,48.2336,0.0001,243.64,1371.62,20.7527,217.709,8.75098,426.246,238.24900000000002,2578.23,9432.24,4411.83,29.8038,9493.0,1384.12,749.3860000000001,2346.93,8.84574,0.00355708,991.091,2221.14,4681.4
